Pressure_Pa,Re_cr_Pressure,Temperature_K,Re_cr_Temperature,Compressibility_Z,Re_cr_Compressibility,WallTemp_K,Re_cr_WallTemp,Velocity_mps,Re_cr_Velocity,Disturbance,Re_cr_Disturbance,PipeVibration,Re_cr_Vibration,Viscosity_Pa_s,Re_cr_Viscosity,TurbulenceIntensity,Re_cr_Turbulence,SurfaceRoughness,Re_cr_Roughness,MachNumber,Re_cr_Mach,PressureGradient,Re_cr_PressureGradient
500,251813.4982,150,336527.5946,0.8,375000,100,411235.2433,300,142058.5809,0,300000,0,300000,1.00E-05,431989.0726,0,300000,0,300000,2,382627.3502,-2000,360000
545.4545455,256233.9777,154.5454545,333527.1467,0.804040404,373115.5779,107.0707071,400149.2975,317.1717172,146067.6598,0.01010101,298484.8485,0.01010101,298787.8788,1.04E-05,415212.798,0.001010101,299393.9394,0.00010101,298484.8485,2.060606061,379215.8813,-1959.59596,358787.8788
590.9090909,260368.9189,159.0909091,330639.2826,0.808080808,371250,114.1414141,390043.4844,334.3434343,149969.6038,0.02020202,296969.697,0.02020202,297575.7576,1.08E-05,399690.8242,0.002020202,298787.8788,0.00020202,296969.697,2.121212121,375932.4186,-1919.191919,357575.7576
636.3636364,264256.7421,163.6363636,327856.7376,0.812121212,369402.9851,121.2121212,380778.0509,351.5151515,153772.5687,0.03030303,295454.5455,0.03030303,296363.6364,1.12E-05,385287.5513,0.003030303,298181.8182,0.00030303,295454.5455,2.181818182,372768.7024,-1878.787879,356363.6364
681.8181818,267928.3818,168.1818182,325172.9013,0.816161616,367574.2574,128.2828283,372239.8946,368.6868687,157483.7253,0.04040404,293939.3939,0.04040404,295151.5152,1.16E-05,371886.2452,0.004040404,297575.7576,0.00040404,293939.3939,2.242424242,369717.2167,-1838.383838,355151.5152
727.2727273,271409.1381,172.7272727,322581.743,0.82020202,365763.5468,135.3535354,364336.3352,385.8585859,161109.418,0.050505051,292424.2424,0.050505051,293939.3939,1.20E-05,359385.8672,0.005050505,296969.697,0.000505051,292424.2424,2.303030303,366771.1045,-1797.979798,353939.3939
772.7272727,274719.9847,177.2727273,320077.7468,0.824242424,363970.5882,142.4242424,356990.5828,403.030303,164655.2926,0.060606061,290909.0909,0.060606061,292727.2727,1.24E-05,347698.5219,0.006060606,296363.6364,0.000606061,290909.0909,2.363636364,363924.0944,-1757.575758,352727.2727
818.1818182,277878.5157,181.8181818,317655.8559,0.828282828,362195.122,149.4949495,350138.3806,420.2020202,168126.3995,0.070707071,289393.9394,0.070707071,291515.1515,1.28E-05,336747.3873,0.007070707,295757.5758,0.000707071,289393.9394,2.424242424,361170.4371,-1717.171717,351515.1515
863.6363636,280899.6445,186.3636364,315311.4242,0.832323232,360436.8932,156.5656566,343725.4788,437.3737374,171527.2779,0.080808081,287878.7879,0.080808081,290303.0303,1.32E-05,326465.0244,0.008080808,295151.5152,0.000808081,287878.7879,2.484848485,358504.8498,-1676.767677,350303.0303
909.0909091,283796.1297,190.9090909,313040.1739,0.836363636,358695.6522,163.6363636,337705.7063,454.5454545,174862.0253,0.090909091,286363.6364,0.090909091,289090.9091,1.36E-05,316791.9866,0.009090909,294545.4545,0.000909091,286363.6364,2.545454545,355922.4687,-1636.363636,349090.9091
954.5454545,286578.9772,195.4545455,310838.1579,0.84040404,356971.1538,170.7070707,332039.4785,471.7171717,178134.3558,0.101010101,284848.4848,0.101010101,287878.7879,1.40E-05,307675.6704,0.01010101,293939.3939,0.001010101,284848.4848,2.606060606,353418.8061,-1595.959596,347878.7879
1000,289257.7512,200,308701.7278,0.844444444,355263.1579,177.7777778,326692.6305,488.8888889,181347.6483,0.111111111,283333.3333,0.111111111,286666.6667,1.44E-05,299069.358,0.011111111,293333.3333,0.001111111,283333.3333,2.666666667,350989.7139,-1555.555556,346666.6667
1045.454545,291840.8198,204.5454545,306627.5049,0.848484848,353571.4286,184.8484848,321635.4939,506.0606061,184504.9874,0.121212121,281818.1818,0.121212121,285454.5455,1.48E-05,290931.4163,0.012121212,292727.2727,0.001212121,281818.1818,2.727272727,348631.3503,-1515.151515,345454.5455
1090.909091,294335.5487,209.0909091,304612.3546,0.852525253,351895.7346,191.9191919,316842.1594,523.2323232,187609.1981,0.131313131,280303.0303,0.131313131,284242.4242,1.53E-05,283224.6238,0.013131313,292121.2121,0.001313131,280303.0303,2.787878788,346340.1515,-1474.747475,344242.4242
1136.363636,296748.4581,213.6363636,302653.3643,0.856565657,350235.8491,198.989899,312289.8826,540.4040404,190662.8753,0.141414141,278787.8788,0.141414141,283030.303,1.57E-05,275915.6012,0.014141414,291515.1515,0.001414141,278787.8788,2.848484848,344112.8058,-1434.343434,343030.303
1181.818182,299085.3488,218.1818182,300747.8228,0.860606061,348591.5493,206.0606061,307958.6009,557.5757576,193668.4096,0.151515152,277272.7273,0.151515152,281818.1818,1.61E-05,268974.3283,0.015151515,290909.0909,0.001515152,277272.7273,2.909090909,341946.2308,-1393.939394,341818.1818
1227.272727,301351.4061,222.7272727,298893.2031,0.864646465,346962.6168,213.1313131,303830.5381,574.7474747,196628.0084,0.161616162,275757.5758,0.161616162,280606.0606,1.65E-05,262373.7312,0.016161616,290303.0303,0.001616162,275757.5758,2.96969697,339837.5531,-1353.535354,340606.0606
1272.727273,303551.285,227.2727273,297087.1462,0.868686869,345348.8372,220.2020202,299889.8779,591.9191919,199543.7158,0.171717172,274242.4242,0.171717172,279393.9394,1.69E-05,256089.3305,0.017171717,289696.9697,0.001717172,274242.4242,3.03030303,337784.0907,-1313.131313,339393.9394
1318.181818,305689.1814,231.8181818,295327.4465,0.872727273,343750,227.2727273,296122.4935,609.0909091,202417.4285,0.181818182,272727.2727,0.181818182,278181.8182,1.73E-05,250098.9368,0.018181818,289090.9091,0.001818182,272727.2727,3.090909091,335783.3358,-1272.727273,338181.8182
1363.636364,307768.8915,236.3636364,293612.0397,0.876767677,342165.8986,234.3434343,292515.7204,626.2626263,205250.9103,0.191919192,271212.1212,0.191919192,276969.697,1.77E-05,244382.3897,0.019191919,288484.8485,0.001919192,271212.1212,3.151515152,333832.9414,-1232.323232,336969.697
1409.090909,309793.8615,240.9090909,291938.9908,0.880808081,340596.3303,241.4141414,289058.1671,643.4343434,208045.8051,0.202020202,269696.9697,0.202020202,275757.5758,1.81E-05,238921.3307,0.02020202,287878.7879,0.002020202,269696.9697,3.212121212,331930.7072,-1191.919192,335757.5758
1454.545455,311767.2305,245.4545455,290306.4836,0.884848485,339041.0959,248.4848485,285739.5537,660.6060606,210803.6476,0.212121212,268181.8182,0.212121212,274545.4545,1.85E-05,233699.0065,0.021212121,287272.7273,0.002121212,268181.8182,3.272727273,330074.5685,-1151.515152,334545.4545
1500,313691.8658,250,288712.8118,0.888888889,337500,255.5555556,282550.5756,677.7777778,213525.8736,0.222222222,266666.6667,0.222222222,273333.3333,1.89E-05,228700.0973,0.022222222,286666.6667,0.002222222,266666.6667,3.333333333,328262.5851,-1111.111111,333333.3333
1545.454545,315570.3945,254.5454545,287156.3703,0.892929293,335972.8507,262.6262626,279482.7872,694.9494949,216213.8282,0.232323232,265151.5152,0.232323232,272121.2121,1.93E-05,223910.5665,0.023232323,286060.6061,0.002323232,265151.5152,3.393939394,326492.932,-1070.707071,332121.2121
1590.909091,317405.2298,259.0909091,285635.6474,0.896969697,334459.4595,269.6969697,276528.5016,712.1212121,218868.7743,0.242424242,263636.3636,0.242424242,270909.0909,1.97E-05,219317.5292,0.024242424,285454.5455,0.002424242,263636.3636,3.454545455,324763.8905,-1030.30303,330909.0909
1636.363636,319198.5938,263.6363636,284149.218,0.901010101,332959.6413,276.7676768,273680.7049,729.2929293,221491.8987,0.252525253,262121.2121,0.252525253,269696.9697,2.01E-05,214909.1366,0.025252525,284848.4848,0.002525253,262121.2121,3.515151515,323073.8403,-989.8989899,329696.9697
1681.818182,320952.5379,268.1818182,282695.7372,0.905050505,331473.2143,283.8383838,270932.9819,746.4646465,224084.319,0.262626263,260606.0606,0.262626263,268484.8485,2.05E-05,210674.4739,0.026262626,284242.4242,0.002626263,260606.0606,3.575757576,321421.2521,-949.4949495,328484.8485
1727.272727,322668.9595,272.7272727,281273.9344,0.909090909,330000,290.9090909,268279.4515,763.6363636,226647.0887,0.272727273,259090.9091,0.272727273,267272.7273,2.09E-05,206603.4695,0.027272727,283636.3636,0.002727273,259090.9091,3.636363636,319804.6816,-909.0909091,327272.7273
1772.727273,324349.618,277.2727273,279882.6084,0.913131313,328539.823,297.979798,265714.7105,780.8080808,229181.2027,0.282828283,257575.7576,0.282828283,266060.6061,2.13E-05,202686.8161,0.028282828,283030.303,0.002828283,257575.7576,3.696969697,318222.7626,-868.6868687,326060.6061
1818.181818,325996.1474,281.8181818,278520.622,0.917171717,327092.511,305.0505051,263233.7845,797.979798,231687.6011,0.292929293,256060.6061,0.292929293,264848.4848,2.17E-05,198915.8986,0.029292929,282424.2424,0.002929293,256060.6061,3.757575758,316674.2023,-828.2828283,324848.4848
1863.636364,327610.0686,286.3636364,277186.898,0.921212121,325657.8947,312.1212121,260832.0851,815.1515152,234167.1739,0.303030303,254545.4545,0.303030303,263636.3636,2.21E-05,195282.7315,0.03030303,281818.1818,0.003030303,254545.4545,3.818181818,315157.7761,-787.8787879,323636.3636
1909.090909,329192.7996,290.9090909,275880.4153,0.925252525,324235.8079,319.1919192,258505.3715,832.3232323,236620.7644,0.313131313,253030.303,0.313131313,262424.2424,2.25E-05,191779.9022,0.031313131,281212.1212,0.003131313,253030.303,3.878787879,313672.3228,-747.4747475,322424.2424
1954.545455,330745.6648,295.4545455,274600.2044,0.929292929,322826.087,326.2626263,256249.7179,849.4949495,239049.1728,0.323232323,251515.1515,0.323232323,261212.1212,2.29E-05,188400.5207,0.032323232,280606.0606,0.003232323,251515.1515,3.939393939,312216.7403,-707.0707071,321212.1212
2000,332269.903,300,273345.3451,0.933333333,321428.5714,333.3333333,254061.4831,866.6666667,241453.1587,0.333333333,250000,0.333333333,260000,2.33E-05,185138.174,0.033333333,280000,0.003333333,250000,4,310789.9821,-666.6666667,320000
2045.454545,333766.6749,304.5454545,272114.9624,0.937373737,320043.1034,340.4040404,251937.2848,883.8383838,243833.4445,0.343434343,248484.8485,0.343434343,258787.8788,2.37E-05,181986.8859,0.034343434,279393.9394,0.003434343,248484.8485,4.060606061,309391.0535,-626.2626263,318787.8788
2090.909091,335237.0696,309.0909091,270908.2241,0.941414141,318669.5279,347.4747475,249873.9763,901.010101,246190.7177,0.353535354,246969.697,0.353535354,257575.7576,2.41E-05,178941.0803,0.035353535,278787.8788,0.003535354,246969.697,4.121212121,308019.0083,-585.8585859,317575.7576
2136.363636,336682.1105,313.6363636,269724.3381,0.945454545,317307.6923,354.5454545,247868.6254,918.1818182,248525.6331,0.363636364,245454.5455,0.363636364,256363.6364,2.45E-05,175995.5481,0.036363636,278181.8182,0.003636364,245454.5455,4.181818182,306672.9458,-545.4545455,316363.6364
2181.818182,338102.7606,318.1818182,268562.5496,0.949494949,315957.4468,361.6161616,245918.4961,935.3535354,250838.8151,0.373737374,243939.3939,0.373737374,255151.5152,2.49E-05,173145.4178,0.037373737,277575.7576,0.003737374,243939.3939,4.242424242,305352.0079,-505.0505051,315151.5152
2227.272727,339499.9271,322.7272727,267422.1392,0.953535354,314618.6441,368.6868687,244021.0318,952.5252525,253130.8594,0.383838384,242424.2424,0.383838384,253939.3939,2.54E-05,170386.1283,0.038383838,276969.697,0.003838384,242424.2424,4.303030303,304055.3766,-464.6464646,313939.3939
2272.727273,340874.4657,327.2727273,266302.4207,0.957575758,313291.1392,375.7575758,242173.8404,969.6969697,255402.3352,0.393939394,240909.0909,0.393939394,252727.2727,2.58E-05,167713.4047,0.039393939,276363.6364,0.003939394,240909.0909,4.363636364,302782.2718,-424.2424242,312727.2727
2318.181818,342227.1847,331.8181818,265202.739,0.961616162,311974.7899,382.8282828,240374.681,986.8686869,257653.7864,0.404040404,239393.9394,0.404040404,251515.1515,2.62E-05,165123.2363,0.04040404,275757.5758,0.004040404,239393.9394,4.424242424,301531.9485,-383.8383838,311515.1515
2363.636364,343558.8482,336.3636364,264122.4683,0.965656566,310669.4561,389.8989899,238621.4514,1004.040404,259885.7335,0.414141414,237878.7879,0.414141414,250303.0303,2.66E-05,162611.8562,0.041414141,275151.5152,0.004141414,237878.7879,4.484848485,300303.6952,-343.4343434,310303.0303
2409.090909,344870.1796,340.9090909,263061.0106,0.96969697,309375,396.969697,236912.1777,1021.212121,262098.6747,0.424242424,236363.6364,0.424242424,249090.9091,2.70E-05,160175.7236,0.042424242,274545.4545,0.004242424,236363.6364,4.545454545,299096.832,-303.030303,309090.9091
2454.545455,346161.8644,345.4545455,262017.7938,0.973737374,308091.2863,404.040404,235245.0037,1038.383838,264293.0876,0.434343434,234848.4848,0.434343434,247878.7879,2.74E-05,157811.5062,0.043434343,273939.3939,0.004343434,234848.4848,4.606060606,297910.7086,-262.6262626,307878.7879
2500,347434.5527,350,260992.2706,0.977777778,306818.1818,411.1111111,233618.1827,1055.555556,266469.4297,0.444444444,233333.3333,0.444444444,246666.6667,2.78E-05,155516.0662,0.044444444,273333.3333,0.004444444,233333.3333,4.666666667,296744.7024,-222.2222222,306666.6667
2545.454545,348688.8617,354.5454545,259983.9168,0.981818182,305555.5556,418.1818182,232030.0686,1072.727273,268628.1404,0.454545455,231818.1818,0.454545455,245454.5455,2.82E-05,153286.4451,0.045454545,272727.2727,0.004545455,231818.1818,4.727272727,295598.2178,-181.8181818,305454.5455
2590.909091,349925.3781,359.0909091,258992.2305,0.985858586,304303.2787,425.2525253,230479.1091,1089.89899,270769.6413,0.464646465,230303.0303,0.464646465,244242.4242,2.86E-05,151119.8523,0.046464646,272121.2121,0.004646465,230303.0303,4.787878788,294470.6837,-141.4141414,304242.4242
2636.363636,351144.6598,363.6363636,258016.7302,0.98989899,303061.2245,432.3232323,228963.8385,1107.070707,272894.3375,0.474747475,228787.8788,0.474747475,243030.303,2.90E-05,149013.6522,0.047474747,271515.1515,0.004747475,228787.8788,4.848484848,293361.553,-101.010101,303030.303
2681.818182,352347.2382,368.1818182,257056.9543,0.993939394,301829.2683,439.3939394,227482.8717,1124.242424,275002.6187,0.484848485,227272.7273,0.484848485,241818.1818,2.94E-05,146965.3546,0.048484848,270909.0909,0.004848485,227272.7273,4.909090909,292270.3007,-60.60606061,301818.1818
2727.272727,353533.6194,372.7272727,256112.4599,0.997979798,300607.2874,446.4646465,226034.8986,1141.414141,277094.8594,0.494949495,225757.5758,0.494949495,240606.0606,2.98E-05,144972.604,0.049494949,270303.0303,0.004949495,225757.5758,4.96969697,291196.4233,-20.2020202,300606.0606
2772.727273,354704.2861,377.2727273,255182.8218,1.002020202,299395.1613,453.5353535,224618.6788,1158.585859,279171.4204,0.505050505,224242.4242,0.505050505,239393.9394,3.02E-05,143033.1712,0.050505051,269696.9697,0.005050505,224242.4242,5.03030303,290139.4373,20.2020202,299393.9394
2818.181818,355859.6991,381.8181818,254267.6314,1.006060606,298192.7711,460.6060606,223233.0371,1175.757576,281232.6489,0.515151515,222727.2727,0.515151515,238181.8182,3.06E-05,141144.9445,0.051515152,269090.9091,0.005151515,222727.2727,5.090909091,289098.8781,60.60606061,298181.8182
2863.636364,357000.2985,386.3636364,253366.4961,1.01010101,297000,467.6767677,221876.8587,1192.929293,283278.8796,0.525252525,221212.1212,0.525252525,236969.697,3.10E-05,139305.9225,0.052525253,268484.8485,0.005252525,221212.1212,5.151515152,288074.2994,101.010101,296969.697
2909.090909,358126.5048,390.9090909,252479.0386,1.014141414,295816.7331,474.7474747,220549.0857,1210.10101,285310.4352,0.535353535,219696.9697,0.535353535,235757.5758,3.14E-05,137514.2064,0.053535354,267878.7879,0.005353535,219696.9697,5.212121212,287065.2722,141.4141414,295757.5758
2954.545455,359238.7203,395.4545455,251604.8958,1.018181818,294642.8571,481.8181818,219248.7133,1227.272727,287327.6271,0.545454545,218181.8182,0.545454545,234545.4545,3.18E-05,135767.9943,0.054545455,267272.7273,0.005454545,218181.8182,5.272727273,286071.3835,181.8181818,294545.4545
3000,360337.3302,400,250743.7182,1.022222222,293478.2609,488.8888889,217974.7861,1244.444444,289330.7555,0.555555556,216666.6667,0.555555556,233333.3333,3.22E-05,134065.5743,0.055555556,266666.6667,0.005555556,216666.6667,5.333333333,285092.2362,222.2222222,293333.3333
3045.454545,361422.7033,404.5454545,249895.1695,1.026262626,292322.8346,495.959596,216726.3955,1261.616162,291320.1108,0.565656566,215151.5152,0.565656566,232121.2121,3.26E-05,132405.3195,0.056565657,266060.6061,0.005656566,215151.5152,5.393939394,284127.4477,262.6262626,292121.2121
3090.909091,362495.1931,409.0909091,249058.9257,1.03030303,291176.4706,503.030303,215502.6762,1278.787879,293295.973,0.575757576,213636.3636,0.575757576,230909.0909,3.30E-05,130785.6825,0.057575758,265454.5455,0.005757576,213636.3636,5.454545455,283176.6497,303.030303,290909.0909
3136.363636,363555.1386,413.6363636,248234.6745,1.034343434,290039.0625,510.1010101,214302.8041,1295.959596,295258.6131,0.585858586,212121.2121,0.585858586,229696.9697,3.34E-05,129205.1909,0.058585859,264848.4848,0.005858586,212121.2121,5.515151515,282239.4872,343.4343434,289696.9697
3181.818182,364602.8653,418.1818182,247422.115,1.038383838,288910.5058,517.1717172,213125.9933,1313.131313,297208.293,0.595959596,210606.0606,0.595959596,228484.8485,3.38E-05,127662.4424,0.05959596,264242.4242,0.005959596,210606.0606,5.575757576,281315.618,383.8383838,288484.8485
3227.272727,365638.6856,422.7272727,246620.957,1.042424242,287790.6977,524.2424242,211971.4945,1330.30303,299145.2662,0.606060606,209090.9091,0.606060606,227272.7273,3.42E-05,126156.1009,0.060606061,263636.3636,0.006060606,209090.9091,5.636363636,280404.7121,424.2424242,287272.7273
3272.727273,366662.8997,427.2727273,245830.9204,1.046464646,286679.5367,531.3131313,210838.592,1347.474747,301069.7778,0.616161616,207575.7576,0.616161616,226060.6061,3.46E-05,124684.8927,0.061616162,263030.303,0.006161616,207575.7576,5.696969697,279506.4511,464.6464646,286060.6061
3318.181818,367675.796,431.8181818,245051.7349,1.050505051,285576.9231,538.3838384,209726.6024,1364.646465,302982.0653,0.626262626,206060.6061,0.626262626,224848.4848,3.51E-05,123247.6029,0.062626263,262424.2424,0.006262626,206060.6061,5.757575758,278620.5278,505.0505051,284848.4848
3363.636364,368677.6523,436.3636364,244283.1397,1.054545455,284482.7586,545.4545455,208634.8726,1381.818182,304882.3589,0.636363636,204545.4545,0.636363636,223636.3636,3.55E-05,121843.0718,0.063636364,261818.1818,0.006363636,204545.4545,5.818181818,277746.6454,545.4545455,283636.3636
3409.090909,369668.7356,440.9090909,243524.8828,1.058585859,283396.9466,552.5252525,207562.7779,1398.989899,306770.8813,0.646464646,203030.303,0.646464646,222424.2424,3.59E-05,120470.1921,0.064646465,261212.1212,0.006464646,203030.303,5.878787879,276884.5174,585.8585859,282424.2424
3454.545455,370649.303,445.4545455,242776.7205,1.062626263,282319.3916,559.5959596,206509.7205,1416.161616,308647.8486,0.656565657,201515.1515,0.656565657,221212.1212,3.63E-05,119127.9058,0.065656566,260606.0606,0.006565657,201515.1515,5.939393939,276033.8669,626.2626263,281212.1212
3500,371619.6024,450,242038.4175,1.066666667,281250,566.6666667,205475.1283,1433.333333,310513.4703,0.666666667,200000,0.666666667,220000,3.67E-05,117815.2016,0.066666667,260000,0.006666667,200000,6,275194.4264,666.6666667,280000
3545.454545,372579.8726,454.5454545,241309.7464,1.070707071,280188.6792,573.7373737,204458.4531,1450.505051,312367.9498,0.676767677,198484.8485,0.676767677,218787.8788,3.71E-05,116531.1122,0.067676768,259393.9394,0.006767677,198484.8485,6.060606061,274365.9371,707.0707071,278787.8788
3590.909091,373530.3438,459.0909091,240590.4869,1.074747475,279135.3383,580.8080808,203459.1693,1467.676768,314211.4844,0.686868687,196969.697,0.686868687,217575.7576,3.75E-05,115274.7121,0.068686869,258787.8788,0.006868687,196969.697,6.121212121,273548.1487,747.4747475,277575.7576
3636.363636,374471.2382,463.6363636,239880.4261,1.078787879,278089.8876,587.8787879,202476.7732,1484.848485,316044.2655,0.696969697,195454.5455,0.696969697,216363.6364,3.79E-05,114045.1152,0.06969697,258181.8182,0.006969697,195454.5455,6.181818182,272740.8192,787.8787879,276363.6364
3681.818182,375402.7702,468.1818182,239179.358,1.082828283,277052.2388,594.9494949,201510.7813,1502.020202,317866.4792,0.707070707,193939.3939,0.707070707,215151.5152,3.83E-05,112841.4728,0.070707071,257575.7576,0.007070707,193939.3939,6.242424242,271943.7141,828.2828283,275151.5152
3727.272727,376325.1469,472.7272727,238487.0829,1.086868687,276022.3048,602.020202,200560.7297,1519.191919,319678.3061,0.717171717,192424.2424,0.717171717,213939.3939,3.87E-05,111662.9718,0.071717172,256969.697,0.007171717,192424.2424,6.303030303,271156.6066,868.6868687,273939.3939
3772.727273,377238.5682,477.2727273,237803.4076,1.090909091,275000,609.0909091,199626.1725,1536.363636,321479.922,0.727272727,190909.0909,0.727272727,212727.2727,3.91E-05,110508.8325,0.072727273,256363.6364,0.007272727,190909.0909,6.363636364,270379.277,909.0909091,272727.2727
3818.181818,378143.2274,481.8181818,237128.1448,1.094949495,273985.2399,616.1616162,198706.6817,1553.535354,323271.4975,0.737373737,189393.9394,0.737373737,211515.1515,3.95E-05,109378.3074,0.073737374,255757.5758,0.007373737,189393.9394,6.424242424,269611.5124,949.4949495,271515.1515
3863.636364,379039.3115,486.3636364,236461.1133,1.098989899,272977.9412,623.2323232,197801.8455,1570.707071,325053.1986,0.747474747,187878.7879,0.747474747,210303.0303,3.99E-05,108270.679,0.074747475,255151.5152,0.007474747,187878.7879,6.484848485,268853.1064,989.8989899,270303.0303
3909.090909,379927.0011,490.9090909,235802.137,1.103030303,271978.022,630.3030303,196911.2681,1587.878788,326825.1868,0.757575758,186363.6364,0.757575758,209090.9091,4.03E-05,107185.2586,0.075757576,254545.4545,0.007575758,186363.6364,6.545454545,268103.8592,1030.30303,269090.9091
3954.545455,380806.4712,495.4545455,235151.0454,1.107070707,270985.4015,637.3737374,196034.5686,1605.050505,328587.6193,0.767676768,184848.4848,0.767676768,207878.7879,4.07E-05,106121.3851,0.076767677,253939.3939,0.007676768,184848.4848,6.606060606,267363.5769,1070.707071,267878.7879
4000,381677.891,500,234507.6732,1.111111111,270000,644.4444444,195171.3802,1622.222222,330340.649,0.777777778,183333.3333,0.777777778,206666.6667,4.11E-05,105078.4231,0.077777778,253333.3333,0.007777778,183333.3333,6.666666667,266632.0714,1111.111111,266666.6667
4045.454545,382541.4244,504.5454545,233871.86,1.115151515,269021.7391,651.5151515,194321.35,1639.393939,332084.4248,0.787878788,181818.1818,0.787878788,205454.5455,4.15E-05,104055.762,0.078787879,252727.2727,0.007878788,181818.1818,6.727272727,265909.1602,1151.515152,265454.5455
4090.909091,383397.2304,509.0909091,233243.4499,1.119191919,268050.5415,658.5858586,193484.1378,1656.565657,333819.0918,0.797979798,180303.0303,0.797979798,204242.4242,4.19E-05,103052.8149,0.07979798,252121.2121,0.007979798,180303.0303,6.787878788,265194.6664,1191.919192,264242.4242
4136.363636,384245.4626,513.6363636,232622.2918,1.123232323,267086.3309,665.6565657,192659.4158,1673.737374,335544.7912,0.808080808,178787.8788,0.808080808,203030.303,4.23E-05,102069.0172,0.080808081,251515.1515,0.008080808,178787.8788,6.848484848,264488.4181,1232.323232,263030.303
4181.818182,385086.2704,518.1818182,232008.2391,1.127272727,266129.0323,672.7272727,191846.8679,1690.909091,337261.6606,0.818181818,177272.7273,0.818181818,201818.1818,4.27E-05,101103.8255,0.081818182,250909.0909,0.008181818,177272.7273,6.909090909,263790.2483,1272.727273,261818.1818
4227.272727,385919.7982,522.7272727,231401.149,1.131313131,265178.5714,679.7979798,191046.1892,1708.080808,338969.8343,0.828282828,175757.5758,0.828282828,200606.0606,4.31E-05,100156.7171,0.082828283,250303.0303,0.008282828,175757.5758,6.96969697,263099.9951,1313.131313,260606.0606
4272.727273,386746.1865,527.2727273,230800.8832,1.135353535,264234.8754,686.8686869,190257.0856,1725.252525,340669.443,0.838383838,174242.4242,0.838383838,199393.9394,4.35E-05,99227.18838,0.083838384,249696.9697,0.008383838,174242.4242,7.03030303,262417.501,1353.535354,259393.9394
4318.181818,387565.5714,531.8181818,230207.3071,1.139393939,263297.8723,693.9393939,189479.2731,1742.424242,342360.6143,0.848484848,172727.2727,0.848484848,198181.8182,4.39E-05,98314.75446,0.084848485,249090.9091,0.008484848,172727.2727,7.090909091,261742.6129,1393.939394,258181.8182
4363.636364,388378.085,536.3636364,229620.29,1.143434343,262367.4912,701.010101,188712.4777,1759.59596,344043.4726,0.858585859,171212.1212,0.858585859,196969.697,4.43E-05,97418.94805,0.085858586,248484.8485,0.008585859,171212.1212,7.151515152,261075.1823,1434.343434,256969.697
4409.090909,389183.8555,540.9090909,229039.7045,1.147474747,261443.662,708.0808081,187956.4344,1776.767677,345718.1393,0.868686869,169696.9697,0.868686869,195757.5758,4.47E-05,96539.31872,0.086868687,247878.7879,0.008686869,169696.9697,7.212121212,260415.0645,1474.747475,255757.5758
4454.545455,389983.0078,545.4545455,228465.4273,1.151515152,260526.3158,715.1515152,187210.8874,1793.939394,347384.733,0.878787879,168181.8182,0.878787879,194545.4545,4.52E-05,95675.4322,0.087878788,247272.7273,0.008787879,168181.8182,7.272727273,259762.119,1515.151515,254545.4545
4500,390775.6627,550,227897.3379,1.155555556,259615.3846,722.2222222,186475.5893,1811.111111,349043.3691,0.888888889,166666.6667,0.888888889,193333.3333,4.56E-05,94826.86961,0.088888889,246666.6667,0.008888889,166666.6667,7.333333333,259116.209,1555.555556,253333.3333
4545.454545,391561.938,554.5454545,227335.3194,1.15959596,258710.8014,729.2929293,185750.3009,1828.282828,350694.1607,0.898989899,165151.5152,0.898989899,192121.2121,4.60E-05,93993.2268,0.08989899,246060.6061,0.008989899,165151.5152,7.393939394,258477.2015,1595.959596,252121.2121
4590.909091,392341.948,559.0909091,226779.2579,1.163636364,257812.5,736.3636364,185034.7909,1845.454545,352337.218,0.909090909,163636.3636,0.909090909,190909.0909,4.64E-05,93174.11371,0.090909091,245454.5455,0.009090909,163636.3636,7.454545455,257844.967,1636.363636,250909.0909
4636.363636,393115.8041,563.6363636,226229.0426,1.167676768,256920.4152,743.4343434,184328.8354,1862.626263,353972.6487,0.919191919,162121.2121,0.919191919,189696.9697,4.68E-05,92369.15376,0.091919192,244848.4848,0.009191919,162121.2121,7.515151515,257219.3797,1676.767677,249696.9697
4681.818182,393883.6142,568.1818182,225684.5658,1.171717172,256034.4828,750.5050505,183632.2178,1879.79798,355600.558,0.929292929,160606.0606,0.929292929,188484.8485,4.72E-05,91577.98328,0.092929293,244242.4242,0.009292929,160606.0606,7.575757576,256600.3168,1717.171717,248484.8485
4727.272727,394645.4838,572.7272727,225145.7222,1.175757576,255154.6392,757.5757576,182944.7283,1896.969697,357221.0488,0.939393939,159090.9091,0.939393939,187272.7273,4.76E-05,90800.25094,0.093939394,243636.3636,0.009393939,159090.9091,7.636363636,255987.6589,1757.575758,247272.7273
4772.727273,395401.5151,577.2727273,224612.4096,1.17979798,254280.8219,764.6464646,182266.1638,1914.141414,358834.2215,0.949494949,157575.7576,0.949494949,186060.6061,4.80E-05,90035.61725,0.094949495,243030.303,0.009494949,157575.7576,7.696969697,255381.2897,1797.979798,246060.6061
4818.181818,396151.808,581.8181818,224084.5284,1.183838384,253412.9693,771.7171717,181596.3275,1931.313131,360440.1744,0.95959596,156060.6061,0.95959596,184848.4848,4.84E-05,89283.75405,0.095959596,242424.2424,0.00959596,156060.6061,7.757575758,254781.0958,1838.383838,244848.4848
4863.636364,396896.4596,586.3636364,223561.9814,1.187878788,252551.0204,778.7878788,180935.0287,1948.484848,362039.0037,0.96969697,154545.4545,0.96969697,183636.3636,4.88E-05,88544.34408,0.096969697,241818.1818,0.00969697,154545.4545,7.818181818,254186.967,1878.787879,243636.3636
4909.090909,397635.5642,590.9090909,223044.6741,1.191919192,251694.9153,785.8585859,180282.0825,1965.656566,363630.8032,0.97979798,153030.303,0.97979798,182424.2424,4.92E-05,87817.08048,0.097979798,241212.1212,0.00979798,153030.303,7.878787879,253598.7955,1919.191919,242424.2424
4954.545455,398369.2142,595.4545455,222532.5141,1.195959596,250844.5946,792.9292929,179637.3096,1982.828283,365215.6648,0.98989899,151515.1515,0.98989899,181212.1212,4.96E-05,87101.66638,0.098989899,240606.0606,0.00989899,151515.1515,7.939393939,253016.4765,1959.59596,241212.1212
5000,399097.4991,600,222025.4116,1.2,250000,800,179000.5363,2000,366793.6786,1,150000,1,180000,5.00E-05,86397.81453,0.1,240000,0.01,150000,8,252439.9077,2000,240000
